{
  "name": "Drill KPI v2",
  "description": "Drill KPI with mode icons",
  "author": "Jumanazar Gurbanov",
  "library": "widget-examples",
  "meta": {
    "type": "kpi"
  },
  "properties": {
    "measures": {
      "min": 1,
      "max": 1
    },
    "sections": [
      {
        "type": "header",
        "order": 0,
        "parent": "qw-pe-dropzone1-0",
        "ref": "header2",
        "label": "Settings"
      }
    ],
    "settings": [
      {
        "type": "string",
        "expression": "optional",
        "defaultValue": "",
        "order": 0,
        "parent": "header2",
        "ref": "footer1",
        "label": "Footer 1"
      },
      {
        "type": "string",
        "expression": "optional",
        "defaultValue": "",
        "order": 1,
        "parent": "header2",
        "ref": "footer2",
        "label": "Footer 2"
      },
      {
        "type": "string",
        "expression": "optional",
        "defaultValue": "#1abc9c",
        "order": 2,
        "parent": "header2",
        "ref": "color",
        "label": "Color"
      },
      {
        "type": "string",
        "expression": "optional",
        "defaultValue": "",
        "order": 4,
        "parent": "header2",
        "ref": "header",
        "label": "Header"
      },
      {
        "component": "dropdown",
        "type": "string",
        "defaultValue": "cifra_de_afaceri1.png",
        "options": [
          {
            "label": "Industrii",
            "value": "industries.png"
          },
          {
            "label": "Cifra de afaceri",
            "value": "cifra_de_afaceri1.png"
          },
          {
            "label": "Membrii Asociatie 1",
            "value": "membrii_asociatie1.png"
          },
          {
            "label": "Membrii Asociatie 2",
            "value": "membrii_asociatie2.png"
          },
          {
            "label": "Angajati",
            "value": "angajati.png"
          },
          {
            "label": "Companii",
            "value": "companies.png"
          },
          {
            "label": "Tari",
            "value": "tari.png"
          },
          {
            "label": "Sku-uri",
            "value": "sku.png"
          },
          {
            "label": "Profit Net",
            "value": "profit_net.png"
          },
          {
            "label": "Valoare Export",
            "value": "export.png"
          },
          {
            "label": "Guvern",
            "value": "guvern.png"
          },
          {
            "label": "Transparency",
            "value": "Transparency500.png"
          }
        ],
        "order": 3,
        "parent": "header2",
        "ref": "icon",
        "label": "Icon"
      }
    ]
  },
  "dependencies": {}
}